iteration,accuracy_of_C,recall_of_C,invocation_of_C,invocation_truly,mean_relative_error_of_A,mean_relative_error_of_A_with_C
0,0.9717333333333301,0.0,0.0,0.028266666666666575,0.9717046220533039,0.0
1,0.9912333333333301,0.6516556291389864,0.016399999999999946,0.025166666666666584,0.9721249593236414,0.007767654990589048
