mean_relative_error_of_A,iteration,invocation_of_C,accuracy_of_C,mean_relative_error_of_A_with_C,invocation_truly,recall_of_C
0.3258086860191439,0,0.2366666666666659,0.6775333333333311,0.09882289288217697,0.4253999999999986,0.39915373765867107
