iteration,accuracy_of_C,recall_of_C,invocation_of_C,invocation_truly,mean_relative_error_of_A,mean_relative_error_of_A_with_C
0,0.9999999999999704,0.0,0.0,0.0,0.9243414995969996,0.0
1,0.9999999999999704,0.0,0.0,0.0,0.924044296301295,0.0
2,0.9999999999999704,0.0,0.0,0.0,0.9303341535485677,0.0
3,0.9999999999999704,0.0,0.0,0.0,0.9161175231689052,0.0
4,0.9999999999999704,0.0,0.0,0.0,0.9074302420664094,0.0
5,0.9999999999999704,0.0,0.0,0.0,0.8843114623003141,0.0
6,0.9999999999999704,0.0,0.0,0.0,0.8453687294199956,0.0
